# sample collections file for CSCIE97 Assignment 3

# define collections 
# define_collection, <collection_type>, <collection_id>, <collection_name>, <collection_description>
define_collection, static, sports_collection, sports, cool sports apps 
define_collection, dynamic, cricket_collection, Cricket, All things Cricket
define_collection, dynamic, angry_birds_collection, Angry Birds Collection, All available Angry Birds Applications
define_collection, dynamic, free_collection, Free, All available Free Content
define_collection, dynamic, news_apps, News Apps, All about News
define_collection, static, staticA, StaticA, This collection is for testing the DFS CollectionIterator
define_collection, dynamic, dynamicB, DynamicB, This collection is for testing the DFS CollectionIterator
define_collection, static, staticC, StaticC, This collection is for testing the DFS CollectionIterator

# add content to collections
# add_collection_content, <collection_id>, <content_type>, <content_id>
add_collection_content, sports_collection, product, Yahoo!_Sports
add_collection_content, sports_collection, product, Score_Center
add_collection_content, sports_collection, collection, cricket_collection
add_collection_content, staticA, product, A
add_collection_content, staticA, product, B
add_collection_content, staticA, product, C
add_collection_content, staticA, collection, dynamicB
add_collection_content, dynamicB, collection, staticC
add_collection_content, staticC, product, F
add_collection_content, staticC, product, G

# set search criteria for dynamic cricket_collection, dynamic collection criteria are specified as with product api search criteria
# set_dynamic_criteria, <collection_id>, <category list>, <text search>, <minimum rating>, <max price>, <language list>, <country code>, <device id>, <content type list>
set_dynamic_criteria, cricket_collection, , cricket, , , , , , 
set_dynamic_criteria, angry_birds_collection, , angry Birds, , , , , , 
set_dynamic_criteria, free_collection, , , , 0.0, , , , 
set_dynamic_criteria, news_apps, news, , , , , , , 
set_dynamic_criteria, dynamicB, iteratorTest, , , , , , , 

#
#
#          Collection tree for testing DFS collection iteration:
#      
#   SC: static collection
#   DC: dynamic collection
#   CP: content proxy
#
#                 staticA (SC)
#                /   |     |  \
#               /    |     |   \
#              /     |     |    \
#         A (CP)  B (CP) C (CP) dynamicB (DC)
#                                /    |      \
#                               /     |       \
#                      staticC (SC)  D (CP)  E (CP)   
#                         /    |    
#                        /     |     
#                     F (CP)  G (CP)  
#
#  When iterating over staticA collection using depth-first-search, the Collectible items should be returned in this order by the iterator:
#    D
#    E
#    G
#    F
#    staticC
#    dynamicB
#    C
#    B
#    A
#    staticA
#

# search collection
search_collection, BIRDS
search_collection, free
search_collection, cricket
search_collection, sports
search_collection, neWs

# search for all collections with empty search string
search_collection, 
